skill,linkedin_frequency
communication,370143
customer service,278102
teamwork,227609
communication skills,195949
leadership,185187
problem solving,149032
time management,142911
attention to detail,133975
problemsolving,129329
project management,121563
interpersonal skills,100267
patient care,99926
sales,93031
nursing,88015
collaboration,87116
training,83656
data analysis,81964
microsoft office suite,75531
organizational skills,75274
inventory management,71911
high school diploma,67267
scheduling,64461
bachelor's degree,63490
multitasking,62044
analytical skills,60768
microsoft office,60604
adaptability,59121
flexibility,56896
critical thinking,53081
documentation,51875
organization,47045
safety,45908
budgeting,45401
troubleshooting,44508
excel,41498
problemsolving skills,41468
written communication,41235
conflict resolution,40955
supervision,39138
coaching,38473
quality control,37857
merchandising,37578
paid time off,37267
verbal communication,37203
life insurance,36732
reporting,36528
quality assurance,36279
decision making,36102
computer skills,35665
team management,35034
travel,35025
accounting,34835
research,34517
lifting,33572
registered nurse,33335
team leadership,33081
driver's license,32168
negotiation,32151
food safety,32115
dental insurance,31821
cash handling,31698
healthcare,30926
planning,30788
risk management,30682
management,30517
mentoring,30380
marketing,29604
presentation skills,29240
health insurance,28688
engineering,28686
supervisory experience,28571
compliance,28279
vision insurance,28231
bls,28107
valid driver's license,27706
retail experience,27189
equal opportunity employer,27068
confidentiality,26590
patient education,26586
prioritization,26409
microsoft excel,25773
professionalism,25429
business development,25303
python,25168
data entry,24911
cpr,24584
fastpaced environment,24163
high school diploma or equivalent,23857
acls,23828
education,23667
professional development,23644
motivation,23307
decisionmaking,23232
high school diploma or ged,23048
initiative,22690
leadership skills,22668
retail,22060
sql,22035
bls certification,21979
physical stamina,21923
relationship building,21749
budget management,21666
diversity,21586
product knowledge,21346
standing,21112
performance management,21050
case management,21013
medication administration,20906
microsoft word,20522
maintenance,20149
teaching,20102
food preparation,19840
hiring,19544
physical strength,19505
team player,19442
medical,19005
cpr certification,18967
vision,18764
bending,18671
ability to work in a fastpaced environment,18607
integrity,18547
regulatory compliance,18036
financial analysis,17995
autocad,17981
flexible schedule,17904
ability to work independently,17824
finance,17806
tuition reimbursement,17663
walking,17662
team work,17649
continuing education,17435
empathy,17387
compassion,17335
cleaning,17295
networking,17065
word,17060
401k,16858
electrical engineering,16807
master's degree,16685
innovation,16613
assessment,16590
medical terminology,16545
counseling,16534
quality improvement,16430
paid holidays,16309
manufacturing,16306
employee assistance program,16290
financial reporting,16277
dental,16185
continuous improvement,16172
account management,16083
forecasting,16069
strategic planning,15943
powerpoint,15846
sanitation,15822
selfmotivation,15797
inventory control,15761
401(k),15738
civil engineering,15735
change management,15663
construction management,15577
process improvement,15405
mechanical engineering,15372
diversity and inclusion,15282
weekly pay,15211
background check,15163
medical benefits,15124
team collaboration,15103
team building,15033
evaluation,14934
positive attitude,14856
training and development,14798
inclusion,14738
accuracy,14681
construction,14626
development,14560
customer service skills,14532
infection control,14319
sap,14058
java,13891
retail management,13860
dental benefits,13847
social work,13748
rn,13714
technical writing,13512
financial management,13430
rn license,13387
english,13379
hospitality,13278
ethics,13246
travel nursing,13076
report writing,12811
medical insurance,12800
aws,12738
security,12684
outlook,12664
vision benefits,12651
time management skills,12650
ability to work under pressure,12636
ms office,12538
delegation,12237
radiology,12100
patient assessment,11962
detailoriented,11953
computer science,11941
writing,11905
risk assessment,11850
human resources,11841
driving,11820
independent work,11682
reaching,11678
creativity,11671
english proficiency,11599
recruitment,11591
agile,11511
physical fitness,11500
stooping,11442
coordination,11421
stress management,11410
data collection,11399
first aid,11294
mathematical calculations,11241
treatment planning,11220
equipment maintenance,11169
computer literacy,11148
ability to work independently and as part of a team,11001
disability insurance,10966
pals,10965
oral communication,10878
referral bonus,10875
design,10866
public speaking,10755
physical demands,10724
psychology,10684
analytical thinking,10501
software development,10445
401(k) plan,10438
record keeping,10371
data management,10282
registered nurse (rn),10228
client relations,10215
retail operations,10184
loss prevention,10151
customer relationship management,10123
mental health,10117
kneeling,10072
remote work,10025
testing,9976
safety procedures,9970
basic computer skills,9846
technical skills,9790
machine learning,9787
contract management,9757
procurement,9739
climbing,9730
interpersonal communication,9695
root cause analysis,9660
ability to meet deadlines,9659
payroll,9615
accountability,9615
business administration,9469
javascript,9451
crm,9422
salesforce,9366
pto,9341
automation,9324
covid19 vaccination,9317
hipaa,9289
insurance,9270
implementation,9258
reliable transportation,9212
supply chain management,9200
paid vacation,9190
stakeholder management,9180
active listening,9174
cost control,9130
reliability,9120
internal medicine,9062
crisis intervention,9034
teamwork skills,9003
restaurant management,8998
business acumen,8987
procedures,8985
auditing,8955
physical requirements,8941
vendor management,8926
analysis,8903
strategic thinking,8887
physician assistant,8866
operations,8732
food handling,8719
event planning,8711
data analytics,8686
retail sales,8678
strong work ethic,8675
ability to lift heavy objects,8615
patient safety,8597
nurse practitioner,8581
client relationship management,8572
recruiting,8555
sales management,8550
windows,8545
presentation,8511
technology,8493
critical care,8483
evidencebased practice,8478
physician,8451
data visualization,8414
pediatrics,8411
discharge planning,8403
clinical experience,8398
benefits,8376
equity,8365
hvac,8338
bsn,8282
software engineering,8245
negotiation skills,8236
shift work,8201
equal employment opportunity,8182
holiday pay,8169
sales experience,8164
acls certification,7991
logistics,7991
referral bonuses,7979
customer focus,7968
management experience,7880
cleanliness,7880
medical records,7878
linux,7868
emergency response,7796
transportation,7761
patience,7749
stocking,7723
ged,7709
ability to travel,7665
project planning,7617
nursing process,7614
electrical,7606
health and safety,7606
billing,7591
resource management,7574
osha,7558
lead generation,7552
computer proficiency,7531
plumbing,7523
safety compliance,7520
mathematics,7518
registered nurse license,7507
business,7500
monitoring,7500
cloud computing,7487
safety management,7459
worklife balance,7437
operations management,7409
relationship management,7402
curriculum development,7373
competitive salary,7342
cash register operation,7338
employee relations,7294
store management,7271
azure,7264
legal research,7251
emr,7244
chemistry,7242
staffing,7234
email,7231
revit,7231
program management,7204
u.s. citizenship,7203
quality,7167
oncology,7110
flexible work schedule,7053
401k retirement plan,7050
advocacy,7035
tableau,7027
pet insurance,7014
safety and security,7014
interviewing,7012
jira,7011
surgery,6945
prospecting,6912
care planning,6907
strong communication skills,6879
crossfunctional collaboration,6871
business analysis,6869
mentorship,6864
client service,6853
food service,6835
selfstarter,6833
microsoft outlook,6832
architecture,6784
pushing,6769
allied health professional,6755
ms office suite,6735
housekeeping,6724
kubernetes,6711
c++,6654
cashier,6631
work ethic,6623
diagnosis,6611
tax preparation,6605
pulling,6521
epic,6484
pos systems,6453
cpa,6447
punctuality,6444
litigation,6405
care coordination,6393
visual merchandising,6392
licensure,6380
effective communication,6380
specifications,6373
quality management,6366
malpractice insurance,6356
financial planning,6338
feedback,6336
holidays,6328
performance improvement,6318
devops,6312
barber license,6294
guest service,6272
docker,6254
associate's degree,6241
flexible spending accounts,6235
written communication skills,6233
dentistry,6228
medical coverage,6225
problem resolution,6215
criminal background check,6202
clinical skills,6202
math skills,6202
administration,6188
people management,6186
technical support,6158
autonomy,6155
physical ability,6146
statistics,6146
client management,6146
lean manufacturing,6111
statistical analysis,6108
customer satisfaction,6098
goal setting,6090
rehabilitation,6087
wound care,6080
planogram implementation,6074
behavioral health,6057
retirement plan,6051
onboarding,6050
flexible scheduling,6019
market research,6008
mathematical skills,5999
cosmetology license,5986
team environment,5972
store operations,5947
inspection,5915
git,5909
carrying,5899
relocation assistance,5898
cooking,5864
social media,5863
sitting,5859
property management,5855
performance evaluation,5851
veterinary medicine,5844
cv,5831
high school diploma/ged,5829
college degree,5818
drug screening,5756
primary care,5743
staff development,5724
detail orientation,5700
installation,5649
forklift operation,5646
sales skills,5644
product development,5644
presentations,5634
resilience,5630
dependability,5623
english language proficiency,5623
parental leave,5612
psychotherapy,5610
equipment operation,5608
preventative maintenance,5595
psychiatry,5581
shortterm disability,5567
employee discounts,5563
career development,5540
organization skills,5537
mental health counseling,5527
board certification,5522
hearing,5511
basic math skills,5507
oracle,5475
profitability,5462
english language,5437
production,5433
microsoft powerpoint,5432
regulations,5430
power bi,5429
excellent communication skills,5425
physical therapy,5422
administrative support,5410
html,5399
medical imaging,5383
word processing,5368
bachelor's degree in nursing,5358
treatment,5356
sharepoint,5344
emergency medicine,5321
english fluency,5293
safety protocols,5284
ms excel,5280
programming,5271
family medicine,5263
staff management,5263
public relations,5258
credentialing,5249
medication management,5248
repair,5233
consulting,5222
erp systems,5220
sustainability,5216
written and verbal communication,5204
flexible hours,5195
respect,5195
staff training,5181
financial statements,5178
communications,5176
safety regulations,5173
compensation,5163
classroom management,5163
heavy lifting,5146
competitive compensation,5135
kitchen management,5126
analytics,5118
conflict management,5103
six sigma,5091
cad,5087
typing,5085
leadership experience,5065
spanish,5037
estimating,5016
palliative care,5007
ultrasound,4999
proposal writing,4997
efficiency,4990
accounts payable,4983
financial services,4978
audit,4971
certification,4971
writing skills,4971
employee stock purchase plan,4954
stakeholder engagement,4953
cardiology,4947
hipaa compliance,4938
productivity,4933
basic life support (bls),4900
critical thinking skills,4900
policies,4898
12hour shifts,4895
decisionmaking skills,4894
support,4882
equipment,4874
paid parental leave,4873
business intelligence,4859
verbal communication skills,4855
scrum,4851
purchasing,4851
basic life support,4851
client communication,4842
databases,4829
electronic medical records,4824
banking,4822
clean driving record,4816
data science,4816
customer relations,4808
mileage reimbursement,4801
verbal and written communication,4790
patientcentered care,4774
clinical research,4772
data interpretation,4766
visual acuity,4760
css,4753
supervisory skills,4741
google suite,4740
team development,4732
c#,4723
manual dexterity,4708
bilingual,4706
patient advocacy,4676
contract negotiation,4672
treatment plans,4670
preventive maintenance,4665
drug test,4658
pricing,4655
bookkeeping,4651
digital marketing,4633
pc skills,4625
problem solving skills,4623
experience,4608
cashiering,4608
cash handling procedures,4594
database management,4593
crisis management,4587
cultural sensitivity,4583
client relationships,4576
phlebotomy,4560
erp,4560
stocker,4555
standard operating procedures,4538
software,4537
gaap,4526
systems engineering,4526
ms word,4515
401(k) retirement plan,4500
hygiene,4496
hand tools,4481
artificial intelligence,4480
electrical systems,4470
reports,4455
safety policies,4454
policy development,4428
safety standards,4421
blueprints,4417
ct technologist,4411
chemical engineering,4395
telehealth,4395
receiving,4357
competitive pay,4352
product management,4344
vacation,4319
accounts receivable,4295
math,4279
lesson planning,4270
structural engineering,4267
electronic health records,4265
best practices,4252
security clearance,4228
401k plan,4227
willingness to learn,4226
orientation,4217
credentials,4206
signon bonus,4195
cybersecurity,4190
agile development,4183
radiography,4176
warehouse management,4167
audits,4166
consultation,4159
vital signs,4150
execution,4140
invoicing,4131
independence,4121
information technology,4115
medical equipment,4114
policies and procedures,4112
us citizenship,4110
internet,4106
vision coverage,4104
36 hours per week,4103
stock management,4102
acute care,4093
health promotion,4088
recognition,4069
financial modeling,4068
associate degree,4062
spreadsheets,4042
health benefits,4037
health savings account,4037
customer experience,4037
research skills,4033
microbiology,4030
ability to work flexible hours,4029
enthusiasm,4024
community involvement,4004
medical technology,4001
legal writing,3998
employee training,3997
welding,3988
cashier accountability,3981
nursing care,3980
biology,3966
active directory,3959
direct deposit,3958
cold calling,3954
taxfree stipend,3949
servsafe certification,3948
quality standards,3945
instrumentation,3936
everify,3916
pharmacy,3915
market analysis,3895
written skills,3883
service excellence,3882
interdisciplinary collaboration,3872
robotics,3872
microsoft project,3872
carpentry,3863
certifications,3862
creative thinking,3850
crouching,3849
dental coverage,3839
child development,3835
equal opportunity,3832
resume,3830
paid training,3827
cultural competence,3812
cover letter,3806
health care,3800
reading,3799
telemetry,3798
standards,3796
business management,3795
honesty,3790
cme,3785
pain management,3780
clinical supervision,3777
icu,3776
accounting software,3768
marriage and family therapy,3765
internal communication,3760
neurology,3751
travel reimbursement,3749
restaurant operations,3746
urgent care,3746
40 hours per week,3741
adoption assistance,3736
ai,3734
accident insurance,3724
project scheduling,3711
mri,3704
subcontractor management,3702
benefits package,3694
driving license,3694
registered nurse (rn) license,3692
blueprint reading,3683
xray,3681
attendance,3681
fulltime,3679
cost management,3670
tncc,3669
guaranteed hours,3663
affirmative action,3659
email alerts,3654
react,3640
asset protection,3638
early childhood education,3628
building codes,3613
tuition assistance,3608
teaching experience,3606
surgical procedures,3606
collaboration skills,3596
organizing,3589
safety policies and practices,3586
merchandise handling,3580
service,3575
depth perception,3571
deadlines,3566
detail oriented,3559
staff supervision,3552
economics,3551
quality food production,3550
matlab,3549
solidworks,3545
go,3542
ability to follow instructions,3536
drug screen,3527
occupational therapy,3524
talent acquisition,3523
selfmotivated,3521
dea license,3512
gmp,3510
overtime,3504
requirements gathering,3500
nrp,3496
haccp,3496
exceptional customer service,3496
healthcare staffing,3495
gcp,3491
unit testing,3483
project coordination,3464
food production,3464
allied health,3449
continuous learning,3449
data modeling,3445
hematology,3440
fundraising,3439
learning,3439
identity theft protection,3435
cosmetology,3426
shipping,3424
longterm disability,3423
general ledger,3418
employee development,3412
program development,3412
radiation safety,3406
data mining,3403
ibm cash register functions,3401
job search,3400
real estate,3398
judgment,3391
resource allocation,3389
401(k) savings plan,3387
internal controls,3386
dea,3383
ordering,3380
medicine,3380
personnel management,3378
commissioning,3378
jenkins,3371
variance analysis,3363
microservices,3353
distribution,3350
ms project,3345
microstation,3344
inspections,3341
restaurant experience,3341
grant writing,3337
ability to work in a team,3333
journal entries,3331
surgical technologist,3318
microsoft suite,3312
physics,3311
talent management,3309
quickbooks,3302
community engagement,3299
energy,3296
technical expertise,3293
it,3291
customer service experience,3291
gis,3280
strong organizational skills,3279
radiologic technology,3278
saas,3271
editing,3267
state license,3258
sops,3258
caseload management,3243
contract administration,3239
nosql,3237
intervention,3234
care plans,3233
telemedicine,3231
discipline,3227
professional profile,3217
leasing,3214
annual leave,3209
ability to stand for long periods of time,3207
sick leave,3201
home health,3200
typescript,3199
ppe,3195
triage,3189
hospital,3184
disability,3177
mba,3173
emotional intelligence,3167
multidisciplinary team,3167
planograms,3164
arrt certification,3161
401k retirement savings plan,3160
technical documentation,3160
referrals,3155
close vision,3150
clinical care,3145
reading comprehension,3144
incentives,3144
menu planning,3142
basic math,3139
observation,3139
deadline management,3133
passion,3127
social media marketing,3124
retirement plans,3120
debugging,3116
administrative tasks,3110
filing,3109
career advancement,3105
background investigation,3103
inventory,3097
industry trends,3094
deposit control,3093
listening skills,3093
customer relationship management (crm),3089
dexterity,3088
obstetrics,3080
ability to work in a team environment,3076
hospice care,3062
scripting,3060
safety awareness,3056
growth opportunities,3037
ability to multitask,3036
ansible,3031
supply chain,3029
performance reviews,3027
employee engagement,3026
imaging,3020
squatting,3017
personal protective equipment,3017
office management,3015
powershell,3013
licensing,3010
event management,3006
discretion,3005
painting,3003
commitment,2991
strong interpersonal skills,2986
integration,2978
graphic design,2971
pos system,2970
therapy,2969
medical license,2969
underwriting,2961
volunteerism,2959
clinical documentation,2958
project management software,2956
discounts,2949
terraform,2947
computer,2946
regulatory requirements,2941
excellence,2941
diplomacy,2940
twisting,2935
ci/cd,2934
associates degree,2933
mechanical,2932
material handling,2932
h&r block income tax course,2930
expense control,2929
assembly,2923
cost analysis,2913
production planning,2911
medical care,2907
dialysis,2905
nutrition,2904
pto program,2903
color vision,2901
confluence,2896
safety training,2894
lifting heavy objects,2880
hardware,2879
accounting principles,2877
sales forecasting,2873
asset management,2871
patient monitoring,2868
sick pay,2866
consultative selling,2863
ongoing training,2860
delivery,2859
facilitation,2857
menu knowledge,2852
validation,2848
13 weeks,2843
drafting,2843
corrective action,2835
mechanical aptitude,2833
french,2832
medical dental and vision insurance,2829
coding,2825
sql server,2825
extra shift bonuses,2825
territory management,2821
patient satisfaction,2820
health,2817
tax compliance,2816
production management,2810
calibration,2810
lean,2807
license and certification reimbursement,2806
physical examination,2802
assessments,2802
sales techniques,2800
volunteering,2798
manufacturing experience,2798
packaging,2794
hemodialysis,2793
procore,2793
public health,2790
employee benefits,2790
medicare,2784
listening,2783
contracts,2783
reasonable accommodation,2782
regular attendance,2778
human resources management,2775
ability to work as part of a team,2771
liaison,2765
tax planning,2765
trauma,2764
power tools,2760
business planning,2759
physical endurance,2758
childcare,2758
clinical trials,2747
persuasion,2745
clinical practice,2744
prototyping,2741
malpractice coverage,2740
drawings,2733
administrative skills,2731
